-- phpMyAdmin SQL Dump
-- version 5.2.0
-- https://www.phpmyadmin.net/
--
-- Host: 127.0.0.1
-- Generation Time: Dec 20, 2022 at 11:56 AM
-- Server version: 10.4.24-MariaDB
-- PHP Version: 8.1.6

SET SQL_MODE = "NO_AUTO_VALUE_ON_ZERO";
START TRANSACTION;
SET time_zone = "+00:00";


/*!40101 SET @OLD_CHARACTER_SET_CLIENT=@@CHARACTER_SET_CLIENT */;
/*!40101 SET @OLD_CHARACTER_SET_RESULTS=@@CHARACTER_SET_RESULTS */;
/*!40101 SET @OLD_COLLATION_CONNECTION=@@COLLATION_CONNECTION */;
/*!40101 SET NAMES utf8mb4 */;

--
-- Database: `gym_db`
--

-- --------------------------------------------------------

--
-- Table structure for table `batch`
--

CREATE TABLE `batch` (
  `id` int(255) NOT NULL,
  `batch` varchar(255) NOT NULL
) ENGINE=InnoDB DEFAULT CHARSET=utf8mb4;

--
-- Dumping data for table `batch`
--

INSERT INTO `batch` (`id`, `batch`) VALUES
(1, '1am to 5 pm'),
(3, ' 5 to 10');

-- --------------------------------------------------------

--
-- Table structure for table `images`
--

CREATE TABLE `images` (
  `id` int(255) NOT NULL,
  `name` varchar(255) NOT NULL,
  `age` int(255) NOT NULL,
  `gender` varchar(255) NOT NULL,
  `image_url` text NOT NULL
) ENGINE=InnoDB DEFAULT CHARSET=utf8mb4;

--
-- Dumping data for table `images`
--

INSERT INTO `images` (`id`, `name`, `age`, `gender`, `image_url`) VALUES
(1, 'pruthvik', 11, 'Female', 'IMG-6389c30e7e5891.91216217.png'),
(2, 'hrhe', 15, 'male', 'IMG-6389c389ec8d55.04331647.png');

-- --------------------------------------------------------

--
-- Table structure for table `members`
--

CREATE TABLE `members` (
  `id` int(30) NOT NULL,
  `receipt_id` int(30) NOT NULL,
  `member_id` int(30) NOT NULL,
  `firstname` varchar(100) NOT NULL,
  `middlename` varchar(100) NOT NULL,
  `lastname` varchar(100) NOT NULL,
  `gender` varchar(20) NOT NULL,
  `contact` varchar(100) NOT NULL,
  `address` text NOT NULL,
  `email` varchar(100) NOT NULL,
  `batch` varchar(255) NOT NULL,
  `date_created` date NOT NULL
) ENGINE=InnoDB DEFAULT CHARSET=utf8mb4;

--
-- Dumping data for table `members`
--

INSERT INTO `members` (`id`, `receipt_id`, `member_id`, `firstname`, `middlename`, `lastname`, `gender`, `contact`, `address`, `email`, `batch`, `date_created`) VALUES
(1, 1, 76204616, 'RAHUL', '', 'PATIL', 'Male', '9822831127', 'Giriraj nagar', '', '', '2011-10-22'),
(2, 2, 76204617, 'SUJAL', '', 'PALA', 'Male', '8347414037', 'AMBAVADI', '', '', '2012-02-22'),
(3, 3, 76204618, 'Chirag', '', 'Karmata', 'Male', '9687839777', 'Juni shak market', '', '', '0000-00-00'),
(4, 4, 76204619, 'Deep', '', 'Bhatt', 'Male', '8758165177', 'Ambavadi', '', '', '2011-01-22'),
(5, 5, 76204620, 'Muskan', '', 'Patel', 'Female', '9106988342', 'Mahila College', '', '', '0000-00-00'),
(6, 6, 76204621, 'Dhruv', '', 'Chudasama', 'Male', '6352782336', 'Fatak pase', '', '', '2012-01-22'),
(7, 7, 76204622, 'Savan', '', 'Dalsaniya', 'Male', '9512347878', 'SAFARI PARK', '', '', '2012-04-22'),
(8, 8, 76204623, 'Akash', '', 'Pala', 'Male', '8140960071', 'Juno plot', '', '', '0009-01-22'),
(9, 9, 76204624, 'Jay', '', 'Chauhan', 'Male', '9510599324', 'Ambavadi', '', '', '2010-11-22'),
(10, 10, 76204625, 'Mayur', '', 'Bariya', 'Male', '8460606047', 'Alap', '', '', '0002-01-22'),
(11, 11, 76204626, 'Harsh', '', 'Khanpara', 'Male', '9909992097', 'D.p road', '', '', '0000-00-00'),
(12, 12, 76204627, 'Karan', '', 'Nandha', 'Male', '9664962717', 'Gandhinagar society', '', '', '2012-07-22'),
(13, 13, 76204628, 'Thumber', '', 'Jash', 'Male', '9924886717', 'K.k palace', '', '', '0000-00-00'),
(14, 14, 76204629, 'Deepak', '', 'Chauhan', 'Male', '9898517974', 'Vishal hair parlor', '', '', '0000-00-00'),
(15, 15, 76204630, 'Pratik', '', 'Chovtiya', 'Male', '9979006006', 'Near shital book store', '', '', '2012-10-22'),
(16, 16, 76204631, 'Bharti', '', 'Ladhani', 'Female', '7990822970', 'VALLABH DWAR', '', '', '0000-00-00'),
(17, 17, 76204632, 'Jaydeep', '', 'Barvadiya', 'Male', '9722336565', 'Joli park', '', '', '0000-00-00'),
(18, 18, 76204633, 'Raj', '', 'Nandha', 'Male', '7046361388', 'Prabhat tailor', '', '', '0000-00-00'),
(19, 19, 76204634, 'DR.', '', 'AMIT BAMANIYA', 'Male', '9898136259', 'BAMNIYA HOSPITAL', '', '', '0000-00-00'),
(20, 20, 76204635, 'DEV', '', 'VAGHELA', 'Male', '9328255323', 'NEHRU NAGAR', '', '', '0000-00-00'),
(21, 21, 76204636, 'TOFIQ', '', 'MAHIDA', 'Male', '7383420082', 'LIMDA CHOCK', '', '', '0000-00-00'),
(22, 22, 76204637, 'MOHIT', '', 'POPAT', 'Male', '9662407681', 'SANIDHYA', '', '', '2010-01-22'),
(23, 23, 76204638, 'CHANDAN', '', 'GURNANI', 'Male', '9925781100', 'GEETA KATPIS', '', '', '0000-00-00'),
(24, 24, 76204639, 'JENISH', '', 'PANDYA', 'Male', '9714110010', 'AMBAVADI', '', '', '0000-00-00'),
(25, 25, 76204640, 'BHAVESH', '', 'GARCHAR', 'Male', '7874695388', 'ALAP COLONY', '', '', '2012-11-22'),
(26, 26, 76204641, 'RAJ', '', 'PITHDIYA', 'Male', '8320277046', 'NARAYAN NAGAR', '', '', '0000-00-00'),
(27, 27, 76204642, 'BHAGIRATH', '', 'SUTREJA', 'Male', '9737866555', 'AIRPORT ROAD', '', '', '0009-11-22'),
(28, 28, 76204643, 'RAHUL', '', 'BHARAY', 'Male', '7016316824', 'AIRPORT ROAD', '', '', '2012-02-22'),
(29, 29, 76204644, 'MAHIDA', '', 'DHRUPESH', 'Male', '9510656915', 'INDIRA NAGAR', '', '', '0000-00-00'),
(30, 30, 76204645, 'COOL', '', 'DHAMECHA', 'Male', '8849292805', 'J BHAGVAN', '', '', '2010-01-22'),
(31, 31, 76204646, 'JAYESH', '', 'RUGHVANI', 'Male', '7878434307', 'CHOVTIYA VADI', '', '', '0000-00-00'),
(32, 32, 76204647, 'JAYDEEP', '', 'BHATT', 'Male', '9879687914', 'RAJ NAGAR', '', '', '0003-01-22'),
(33, 33, 76204648, 'DEVANI', '', 'SHITAL', 'Female', '9773162016', 'TRUPTI PALACE', '', '', '0000-00-00'),
(34, 34, 76204649, 'AKSHAR', '', 'VAGHASIYA', 'Male', '9924071544', 'RAMVADI', '', '', '0000-00-00'),
(35, 35, 76204650, 'RAVI', '', 'TATMIYA', 'Male', '8200621051', 'AIRPORT ROAD', '', '', '2010-10-22'),
(36, 36, 76204651, 'KEYUR', '', 'SAVALIYA', 'Male', '9727836265', 'DIPALI PARK', '', '', '0000-00-00'),
(37, 37, 76204652, 'DARSAN', '', 'KANABAR', 'Male', '9824509438', 'MADHUVAN NAGAR', '', '', '2010-10-22'),
(38, 38, 76204653, 'YASH', '', 'JORA', 'Male', '7285865488', 'ALAP COLONY', '', '', '0000-00-00'),
(39, 39, 76204654, 'KISHAN', '', 'PANDYA', 'Male', '7016759851', 'AMRUT NAGAR', '', '', '2012-08-22'),
(40, 40, 76204655, 'BHOOMI', '', 'NIMAVAT', 'Female', '8347411987', 'PIPLIYA NAGAR', '', '', '0007-01-22'),
(41, 41, 76204656, 'PIPLIYA', '', 'MANTHAN', 'Male', '6355161571', 'PIPLIYA NAGAR', '', '', '0000-00-00'),
(42, 42, 76204657, 'BANTY', '', 'CHOVTIYA', 'Male', '9428950477', 'K.K PROTEIN', '', '', '2010-01-22'),
(43, 43, 76204658, 'CHUDASMA', '', 'DHARMESH', 'Male', '9924697486', 'BHAT SIMROLI', '', '', '0000-00-00'),
(44, 44, 76204659, 'DIVYESH', '', 'CHUDASAMA', 'Male', '9998258525', 'MANISH PARK', '', '', '0000-00-00'),
(45, 45, 76204660, 'MUDASIYA', '', 'PARTH', 'Male', '9714017963', 'SUMAN SOCIETY', '', '', '0000-00-00'),
(46, 46, 76204661, 'PANKAJ', '', 'DABHI', 'Male', '9725853516', 'RADHE MARBLE', '', '', '0009-01-22'),
(47, 47, 76204662, 'NIRAV', '', 'HADIYA', 'Male', '8734862848', 'RADHE MARBLE', '', '', '0000-00-00'),
(48, 48, 76204663, 'JOSHI', '', 'AKASH', 'Male', '8733994477', 'ALAP COLONY', '', '', '0000-00-00'),
(49, 49, 76204664, 'YOGENDRASINH', '', 'RAYJADA', 'Male', '9638171863', 'KOYLANA', '', '', '0000-00-00'),
(50, 50, 76204665, 'HARSH', '', 'CHANDERA', 'Male', '7778997720', 'INDRAPRASTH APP', '', '', '2012-03-22'),
(51, 51, 76204666, 'DHAMECHA', '', 'PRUTHVIK', 'Male', '9638567558', 'CHUNABHATHI', '', '', '0000-00-00'),
(52, 52, 76204667, 'PRINCE', '', 'JOSHI', 'Male', '7016982323', 'MANGALMURTI APPARTMENT', '', '', '0000-00-00'),
(53, 53, 76204668, 'PANKHIL', '', 'KAKKAD', 'Male', '9825365633', 'DEEPAK SMOOTEI', '', '', '0000-00-00'),
(54, 54, 76204669, 'DR.', '', 'KARMUR SIR', 'Male', '7567187111', 'KARMUR HOSPITAL', '', '', '2012-01-22'),
(55, 55, 76204670, 'DARSHNA', '', 'DHADUK', 'Female', '9687305506', 'AMRUT NAGAR', '', '', '0000-00-00'),
(56, 56, 76204671, 'SHREYASH', '', 'SIDHPARA', 'Male', '9426623663', 'JUNAGADH ROAD', '', '', '0000-00-00'),
(57, 57, 76204672, 'DHADUK', '', 'NIRBHAY', 'Male', '6355355067', 'PIPDESHWAR MANDIR', '', '', '2012-01-22'),
(58, 58, 76204673, 'KEVAL', '', 'CHANDEGRA', 'Male', '7817021869', 'RAMVADI VISTAR', '', '', '0000-00-00'),
(59, 59, 76204674, 'POOJA', '', 'THUMBER', 'Female', '9925153970', 'JALARAM MANDIR PASE', '', '', '0000-00-00'),
(60, 60, 76204675, 'HIRAL', '', 'SIDHHPARA', 'Male', '9925783296', 'JUNAGADH ROAD', '', '', '0000-00-00'),
(61, 61, 76204676, 'J.M', '', 'JADEJA', 'Male', '9316392419', 'PRAMUKH VANDANA', '', '', '2012-02-22'),
(62, 62, 76204677, 'VIRENDRA', '', 'JOSHI', 'Male', '7600660057', 'PIPLIYA NAGAR', '', '', '2011-07-22'),
(63, 63, 76204678, 'KRISHNA', '', 'THUMBAR', 'Female', '7016828448', 'AALAP COLONY', '', '', '2010-10-22'),
(64, 64, 76204679, 'JAHNVI', '', 'RANPARIYA', 'Female', '9737660804', 'PIPLIYA NAGAR', '', '', '0000-00-00'),
(65, 65, 76204680, 'MEET', '', 'VANPARIYA', 'Male', '7777985154', 'RAJVADI PAN VADI GALI', '', '', '2010-11-22'),
(66, 66, 76204681, 'KAUSHIK', '', 'JILDIYA', 'Male', '9737777781', 'JAY NAGAR', '', '', '2010-10-22'),
(67, 67, 76204682, 'AZAZ', '', 'SANDH', 'Male', '7698107990', 'Gandhinagar society', '', '', '2012-09-22'),
(68, 68, 76204683, 'PANKAJ', '', 'VAISH', 'Male', '9664881893', 'PRABHAT NAGAR', '', '', '2012-04-22'),
(69, 69, 76204684, 'PITHIYA', '', 'GHANSHYAM', 'Male', '9104957138', 'PRAJAPTI SOCIETY', '', '', '2011-09-22'),
(70, 70, 76204685, 'JAY', '', 'MAKKA', 'Male', '9904001203', 'PRAJAPTI SOCIETY', '', '', '0000-00-00'),
(71, 71, 76204686, 'TANVEER', '', 'THEBAR', 'Male', '7359027860', 'PIPLIYA NAGAR', '', '', '2011-03-22'),
(72, 72, 76204687, 'MUZMIN', '', 'MAHIDA', 'Male', '7861030059', 'LIMDA CHOCK', '', '', '0000-00-00'),
(73, 73, 76204688, 'BHAVESH', '', 'SAVALIYA', 'Male', '9662436575', 'JOLLY PARK', '', '', '2012-12-22'),
(74, 74, 76204689, 'SARVADI', '', 'RIZVAN', 'Male', '8780909815', 'LIMDA CHOCK', '', '', '0000-00-00'),
(75, 75, 76204690, 'VASU', '', 'RUPAVTIYA', 'Male', '9574256461', 'GANESH NAGAR', '', '', '0009-12-22'),
(76, 76, 76204691, 'CHANDNI', '', 'LODHIYA', 'Female', '8160710004', 'PIPLIYA NAGAR', '', '', '0009-12-22'),
(77, 77, 76204692, 'NILESH', '', 'LODHIYA', 'Male', '9428954074', 'PIPLIYA NAGAR', '', '', '0009-12-22'),
(78, 78, 76204693, 'JITESH', '', 'KUMAR', 'Male', '9004587150', 'SBI', '', '', '0000-00-00'),
(79, 79, 76204694, 'ABHAY', '', 'JILDIYA', 'Male', '8200765962', '-', '', '', '2010-03-22'),
(80, 80, 76204695, 'PRIYANK', '', 'SUBA', 'Male', '7666736477', 'KESHOD', '', '', '0000-00-00'),
(81, 81, 76204696, 'SAMEER', '', 'MAKKA', 'Male', '9725955662', 'KESHOD', '', '', '2011-07-22'),
(82, 82, 76204697, 'GIRISH', '', 'PIPLIYA', 'Male', '9825889977', 'KESHOD', '', '', '0000-00-00'),
(83, 83, 76204698, 'BHULESH', '', 'LODHIYA', 'Male', '9909187699', 'KESHOD', '', '', '0000-00-00'),
(84, 84, 76204699, 'KARAN', '', 'BHATIYA', 'Male', '9722882123', 'POLICE STATION', '', '', '2011-07-22'),
(85, 85, 76204700, 'VALA', '', 'MEET', 'Male', '8141665810', 'JALARAM MANDIR', '', '', '0000-00-00'),
(86, 86, 76204701, 'SHRADDHA', '', 'KARIYA', 'Female', '9426154565', 'AMBAVADI', '', '', '2011-09-22'),
(87, 87, 76204702, 'KEVAL', '', 'DEVDIYA', 'Male', '7405968864', 'RAJ NAGAR', '', '', '0000-00-00'),
(88, 88, 76204703, 'DARSHIT', '', 'MARDIYA', 'Male', '9638935835', 'SAFARI PARK', '', '', '0000-00-00'),
(89, 89, 76204704, 'AYAN', '', 'CHAUHAN', 'Male', '9773408212', 'PIPLIYA NAGAR', '', '', '2012-08-22'),
(90, 90, 76204705, 'CHIRAG', '', 'VANPARIYA', 'Male', '9824555585', 'PIPLIYA NAGAR', '', '', '2010-09-22'),
(91, 91, 76204706, 'CHUDASMA', '', 'DHAVAL', 'Male', '7226902520', 'KARENI', '', '', '0000-00-00'),
(92, 92, 76204707, 'KARTIKSINH', '', 'YADAV', 'Male', '9574677376', 'GOREJ', '', '', '0000-00-00'),
(93, 93, 76204708, 'TAKHATSINH', '', 'SOLANKI', 'Male', '9274773472', 'KESHOD', '', '', '0000-00-00'),
(94, 94, 76204709, 'VIREN', '', 'KOTDIYA', 'Male', '9924097504', 'VERAVAL ROAD', '', '', '2011-01-22'),
(95, 95, 76204710, 'TANISHK', '', 'SAVALIYA', 'Male', '9904085852', 'PIPLIYA NAGAR', '', '', '0000-00-00'),
(96, 96, 76204711, 'ARJUN', '', 'PARMAR', 'Male', '8866428268', 'KANDHALI KRUPA PAN', '', '', '0000-00-00'),
(97, 97, 76204712, 'SISODIYA', '', 'ASHOK', 'Male', '7283883580', 'RADHE MARBLE', '', '', '0000-00-00'),
(98, 98, 76204713, 'HETAL', '', 'DELVADIYA', 'Female', '6352842112', 'SWAMINARAYAN ROAD', '', '', '0000-00-00'),
(99, 99, 76204714, 'VIRAJ', '', 'KHANPARIYA', 'Male', '8469187248', 'SHREE HOTEL PACHHAD', '', '', '0000-00-00'),
(100, 100, 76204715, 'FORAM', '', 'BUTANI', 'Female', '7265959660', 'MALIYA', '', '', '2012-04-22'),
(101, 101, 76204716, 'ARBAZ', '', 'KHAN', 'Male', '7778069869', 'LIMDA CHOCK', '', '', '0000-00-00'),
(102, 102, 76204717, 'HARDIK', '', 'MASANI', 'Male', '9081371644', 'JOLLY PARK', '', '', '0000-00-00'),
(103, 103, 76204718, 'JAYESH', '', 'JETHVA', 'Male', '7878464947', 'NEAR CORT', '', '', '0000-00-00'),
(104, 104, 76204719, 'MANOJ', '', 'VITHLANI', 'Male', '6355398230', 'GIRIRAJ NAGAR', '', '', '0000-00-00'),
(105, 105, 76204720, 'AMIT', '', 'VITHLANI', 'Male', '7738370499', 'GIRIRAJ NAGAR', '', '', '2011-11-22'),
(106, 106, 76204721, 'BARVADIYA', '', 'KHILAN', 'Male', '9574470767', 'KRUSHN NAGAR', '', '', '0000-00-00'),
(107, 107, 76204722, 'SACHIN', '', 'PARMAR', 'Male', '6352344664', 'FATAK PASE', '', '', '0000-00-00'),
(108, 108, 76204723, 'JETHVA', '', 'PRATHAM', 'Male', '8980291904', 'FATAK PASE', '', '', '2012-02-22'),
(109, 109, 76204724, 'SHIVANGI', '', 'MEGHNATHI', 'Female', '7778915240', 'Shree nathji palace', '', '', '2010-05-22'),
(110, 110, 76204725, 'AZIM', '', 'LAYAK', 'Male', '7990963381', '', '', '', '2011-12-22'),
(111, 111, 76204726, 'VISHAL', '', 'SUTREJA', 'Male', '9879144440', 'AIRPORT ROAD', '', '', '0000-00-00'),
(112, 112, 76204727, 'BABRIYA', '', 'NIKITA', 'Female', '6355434301', 'PIKHOR', '', '', '0009-11-22'),
(113, 113, 76204728, 'KESHU', '', 'VADHER', 'Male', '8140586988', 'SHIV BERAL', '', '', '0000-00-00'),
(114, 114, 76204729, 'CHAVDA', '', 'DHASHRATHSINH', 'Male', '9737843614', 'KOYLANA', '', '', '0000-00-00'),
(115, 115, 76204730, 'NEHAL', '', 'MAMDANI', 'Male', '8849784125', 'AMBAVADI', '', '', '0000-00-00'),
(116, 116, 76204731, 'TANISHK', '', 'SHARMA', 'Male', '7046711381', 'GOVRDHAN NIKETAN', '', '', '0000-00-00'),
(117, 117, 76204732, 'SIDHHPARA', '', 'JAGDISH', 'Male', '7990643571', 'PM TOWER PASE', '', '', '2012-03-22'),
(118, 118, 76204733, 'RAJ', '', 'RABARIYA', 'Male', '8780168162', 'PVM SCHOOL', '', '', '2012-02-22'),
(119, 119, 76204734, 'ANKESH', '', 'PARMAR', 'Male', '7575875533', 'GAYTRI PARK SOCIETY', '', '', '2012-10-22'),
(120, 120, 76204735, 'MAYUR', '', 'CHUDASAMA', 'Male', '7046180497', 'KHETIVADI SAKHA', '', '', '2011-10-22'),
(121, 121, 76204736, 'PITHIYA', '', 'DINESH', 'Male', '9662222562', 'BHAT GAM', '', '', '2011-09-22'),
(122, 122, 76204737, 'JENIL', '', 'KARIYA', 'Male', '8200380421', 'AMBAVADI', '', '', '2010-09-22'),
(123, 123, 76204738, 'PAGHDAR', '', 'VATSAL', 'Male', '7069674470', 'DHARA CLASSIS', '', '', '2010-12-22'),
(124, 124, 76204739, 'ASHISH', '', 'GONDALIYA', 'Male', '9824402929', 'D.P ROAD', '', '', '0000-00-00'),
(125, 125, 76204740, 'PREET', '', 'PANSERIYA', 'Male', '9510695205', 'MANGROL ROAD', '', '', '0000-00-00'),
(126, 126, 76204741, 'VIVEK', '', 'CHAVDA', 'Male', '8200062426', 'INDIRA NAGAR', '', '', '0000-00-00'),
(127, 127, 76204742, 'RAHUL', '', 'JADHAV', 'Male', '6353484591', 'INDIRA NAGAR', '', '', '0000-00-00'),
(128, 128, 76204743, 'BHAVESH', '', 'VAVECHA', 'Male', '7069937894', 'INDIRA NAGAR', '', '', '0000-00-00'),
(129, 129, 76204744, 'GOHEL', '', 'HARI', 'Male', '9265429008', 'PRAJAPTI SOCIETY', '', '', '0000-00-00'),
(130, 130, 76204745, 'KANABAR', '', 'AMI', 'Female', '6359110402', 'JALARAM DWAR APP.', '', '', '2011-02-22'),
(131, 131, 76204746, 'KANABAR', '', 'MANSI', 'Female', '9033778310', 'JALARAM DWAR APP.', '', '', '2011-02-22'),
(132, 132, 76204747, 'JALAVADIYA', '', 'TIRTH', 'Male', '9313631233', 'INDRAPRASTH APP', '', '', '2011-01-22'),
(133, 133, 76204748, 'ROHAN', '', 'RAMANI', 'Male', '6354125523', 'NEW KUMBHARVADA', '', '', '2011-04-22'),
(134, 134, 76204749, 'LAKHAN', '', 'PARMAR', 'Male', '6353342789', 'COURT PACHHAD', '', '', '2011-03-22'),
(135, 135, 76204750, 'UMANG', '', 'BHARDVA', 'Male', '8866661494', 'D.P ROAD', '', '', '2012-08-22'),
(136, 136, 76204751, 'MANHARSING', '', 'DAYATAR', 'Male', '9909540202', 'POLICE STATION', '', '', '2011-07-22'),
(137, 137, 76204752, 'JAY', '', 'MAKVANA', 'Male', '7984327755', '66KV PACHHAD', '', '', '2012-11-22'),
(138, 138, 76204753, 'PARMAR', '', 'SATISH', 'Male', '8488007500', 'MESHVAN', '', '', '2011-09-22'),
(139, 139, 76204754, 'NIRAV', '', 'PAREDI', 'Male', '8487929451', 'RANGPUR', '', '', '2011-11-22'),
(140, 140, 76204755, 'BHAUTIK', '', 'KHERA', 'Male', '9737000590', 'AMBAVADI', '', '', '2011-10-22'),
(141, 141, 76204756, 'VAISHALI', '', 'PATNI', 'Female', '9737004797', 'MADHUVAN NAGAR', '', '', '2011-06-22'),
(142, 142, 76204757, 'K.G', '', 'JALVANI', 'Male', '8200900596', 'POLICE STATION', '', '', '0000-00-00'),
(143, 143, 76204758, 'RAKESH', '', 'BHUT', 'Male', '9924547080', 'AMRUT NAGAR', '', '', '2011-12-22'),
(144, 144, 76204759, 'VARJANG', '', 'GARCHAR', 'Male', '9998517262', 'AIRPORT ROAD', '', '', '0000-00-00'),
(145, 145, 76204760, 'MILAN', '', 'DABHI', 'Male', '7984327755', '66KV PACHHAD', '', '', '0000-00-00'),
(146, 146, 76204761, 'DEPANI', '', 'DARSH', 'Male', '9998341547', 'MESHVAN', '', '', '2012-10-22'),
(147, 147, 76204762, 'PARMAR', '', 'KANO', 'Male', '8511254715', '66KV PACHHAD', '', '', '0000-00-00'),
(148, 148, 76204763, 'VIPUL', '', 'BAMBHANIYA', 'Male', '7203077460', 'AIRPORT ROAD', '', '', '0000-00-00'),
(149, 149, 76204764, 'VADHER', '', 'KARAN', 'Male', '9327014020', 'AIRPORT ROAD', '', '', '0000-00-00'),
(150, 150, 76204765, 'KISHAN', '', 'DABHI', 'Male', '8511254715', '66KV PACHHAD', '', '', '0000-00-00'),
(151, 151, 76204766, 'KRISH', '', 'KASUNDRA', 'Male', '9890707022', 'D.P ROAD', '', '', '0000-00-00'),
(152, 152, 76204767, 'CHUDASMA', '', 'KASHYAP', 'Male', '8160048348', 'JAGNATH 2', '', '', '0000-00-00'),
(153, 153, 76204768, 'ANIL', '', 'AJKIYA', 'Male', '7046278438', 'SERGADH', '', '', '0000-00-00'),
(154, 154, 76204769, 'DIVYARAJ', '', 'BABRIYA', 'Male', '9725784654', 'SERGADH', '', '', '0000-00-00'),
(155, 155, 76204770, 'CHAVDA', '', 'MAYUR', 'Male', '8780229880', 'N.P HOSTEL', '', '', '0000-00-00'),
(156, 156, 76204771, 'RAJESH', '', 'BARVADIYA', 'Male', '9327836352', 'KESHOD', '', '', '0000-00-00'),
(157, 157, 76204772, 'BARAD', '', 'PRIYA', 'Female', '', 'MANGROL', '', '', '0000-00-00'),
(158, 158, 76204773, 'RUPESHBHAI', '', 'PARMAR', 'Male', '9638246581', 'SARAD CHOCK', '', '', '0000-00-00'),
(159, 159, 76204774, 'SONAL', '', 'BORECHA', 'Female', '9624517617', 'RAILWAY STATION SAME', '', '', '0000-00-00'),
(160, 160, 76204775, 'JANKAR', '', 'HARDEEP', 'Male', '9313728101', 'KESHOD', '', '', '0000-00-00'),
(161, 161, 76204776, 'DHRANGAD', '', 'PARTH', 'Male', '6354635306', 'MALIYA', '', '', '0000-00-00'),
(162, 162, 76204777, 'VYASH', '', 'SHIVANGI', 'Female', '7878787709', 'AMRUT NAGAR', '', '', '0000-00-00'),
(163, 163, 76204778, 'SURBHI', '', 'GAJERA', 'Female', '7737756361', 'PIPLIYA NAGAR', '', '', '0000-00-00'),
(164, 164, 76204779, 'MOHIT', '', 'SAVSANI', 'Male', '9722628400', 'AIRPORT ROAD', '', '', '0000-00-00'),
(165, 165, 76204780, 'DER', '', 'JAYDEV', 'Male', '9023906701', 'AIRPORT ROAD', '', '', '2012-02-22'),
(166, 166, 76204781, 'SOLANKI', '', 'KAPIL', 'Male', '7485930981', 'AIRPORT ROAD', '', '', '2012-02-22'),
(167, 167, 76204782, 'SOLANKI', '', 'SACHIN', 'Male', '7203830981', 'AIRPORT ROAD', '', '', '2012-02-22'),
(168, 168, 76204783, 'ANKIT', '', 'TALAVIYA', 'Male', '8788703651', 'MOVANA', '', '', '2012-08-22'),
(169, 169, 76204784, 'BENA', '', 'CHUDASAMA', 'Female', '9664867046', 'FATAK PASE', '', '', '2012-06-22'),
(170, 170, 76204785, 'KISHAN', '', 'SAGALKA', 'Male', '9512788309', 'AJAB', '', '', '2012-08-22'),
(171, 171, 76204786, 'BHARAT', '', 'VAJA', 'Male', '7227003397', 'AMBAVADI', '', '', '2012-06-22'),
(172, 172, 76204787, 'MAHIPAT', '', 'KATHI', 'Male', '9537826333', 'FAGDI', '', '', '2012-08-22'),
(173, 173, 76204788, 'GAURAV', '', 'PRATAPSINH', 'Male', '9810336423', 'JALARAM MANDIR', '', '', '2012-09-22'),
(174, 174, 76204789, 'PARTH', '', 'RAVRANI', 'Male', '9157739539', 'AMBAVADI', '', '', '2012-08-22'),
(175, 175, 76204790, 'RAVAL', '', 'DIMPLE', 'Female', '7046267472', 'GIRIRAJ NAGAR', '', '', '2012-12-22'),
(176, 176, 76204791, 'KHUTI', '', 'YOGI', 'Male', '9099337607', 'YAMUNA MAHARANI SOCIETY', '', '', '2012-08-22'),
(177, 177, 76204792, 'MAYANK', '', 'VADARIYA', 'Male', '7203073858', 'AMRUT NAGAR', '', '', '2012-06-22'),
(178, 178, 76204793, 'SAMEER', '', 'TIMBA', 'Male', '9427681302', 'TIRTH APP', '', '', '0000-00-00'),
(179, 179, 76204794, 'LASKARI', '', 'DENISH', 'Male', '9157596415', 'SARDAR PARK', '', '', '2012-09-22'),
(180, 180, 76204795, 'SHYAM', '', 'JANJRUKIYA', 'Male', '6352412808', 'AMRUT NAGAR', '', '', '2012-09-22'),
(181, 181, 76204796, 'KARNGIYA', '', 'KISHAN', 'Male', '9601466137', 'REVDRA', '', '', '2012-12-22'),
(182, 182, 76204797, 'ALFRAN', '', 'KOLADIYA', 'Male', '8200379790', 'LIMDA CHOCK', '', '', '2012-12-22'),
(183, 183, 76204798, 'HASAN', '', 'JADEJA', 'Male', '6356717617', 'LIMDA CHOCK', '', '', '2012-12-22'),
(184, 184, 76204799, 'GOHEL', '', 'AKSHAY', 'Male', '9327153145', 'PASVADIYA', '', '', '0000-00-00');

-- --------------------------------------------------------

--
-- Table structure for table `packages`
--

CREATE TABLE `packages` (
  `id` int(30) NOT NULL,
  `package` varchar(200) NOT NULL,
  `description` text NOT NULL,
  `amount` float NOT NULL
) ENGINE=InnoDB DEFAULT CHARSET=utf8mb4;

--
-- Dumping data for table `packages`
--

INSERT INTO `packages` (`id`, `package`, `description`, `amount`) VALUES
(1, 'BODY BUILDING ', '', 0),
(2, 'WEIGHT LOSS', '', 0),
(3, 'STRENGTH TRAINING ', '', 0);

-- --------------------------------------------------------

--
-- Table structure for table `payments`
--

CREATE TABLE `payments` (
  `id` int(30) NOT NULL,
  `registration_id` int(30) NOT NULL,
  `member_id` int(10) NOT NULL,
  `amount` int(30) NOT NULL,
  `remarks` text NOT NULL,
  `type` tinyint(1) NOT NULL DEFAULT 2 COMMENT '1=registration, 2= monthly payment',
  `date_created` datetime NOT NULL DEFAULT current_timestamp() ON UPDATE current_timestamp()
) ENGINE=InnoDB DEFAULT CHARSET=utf8mb4;

-- --------------------------------------------------------

--
-- Table structure for table `plans`
--

CREATE TABLE `plans` (
  `id` int(30) NOT NULL,
  `plan` int(30) NOT NULL,
  `amount` float NOT NULL
) ENGINE=InnoDB DEFAULT CHARSET=utf8mb4;

--
-- Dumping data for table `plans`
--

INSERT INTO `plans` (`id`, `plan`, `amount`) VALUES
(1, 1, 0),
(2, 3, 0),
(3, 6, 0),
(4, 12, 0),
(5, 18, 0),
(6, 4, 0),
(7, 8, 0);

-- --------------------------------------------------------

--
-- Table structure for table `registration_info`
--

CREATE TABLE `registration_info` (
  `id` int(30) NOT NULL,
  `receipt_id` int(30) NOT NULL,
  `member_id` int(30) NOT NULL,
  `plan_id` int(30) NOT NULL,
  `package_id` int(30) NOT NULL,
  `start_date` date NOT NULL,
  `end_date` date NOT NULL,
  `batch_id` varchar(255) NOT NULL,
  `status` tinyint(1) NOT NULL DEFAULT 1 COMMENT '0=Inactive, 1= Active',
  `date_created` date DEFAULT current_timestamp()
) ENGINE=InnoDB DEFAULT CHARSET=utf8mb4;

--
-- Dumping data for table `registration_info`
--

INSERT INTO `registration_info` (`id`, `receipt_id`, `member_id`, `plan_id`, `package_id`, `start_date`, `end_date`, `batch_id`, `status`, `date_created`) VALUES
(1, 1, 1, 1, 3, '2022-11-10', '2022-12-10', '', 1, '2022-11-10'),
(2, 2, 2, 1, 1, '2022-12-02', '2023-01-02', '', 1, '2022-12-02'),
(3, 3, 3, 1, 3, '2022-11-28', '2022-12-28', '', 1, '2022-11-28'),
(4, 4, 4, 1, 1, '2022-11-01', '2022-12-01', '', 1, '2022-11-01'),
(5, 5, 5, 1, 2, '2022-11-15', '2022-12-15', '', 1, '2022-11-15'),
(6, 6, 6, 1, 1, '2022-12-01', '2023-01-01', '', 1, '2022-12-01'),
(7, 7, 7, 1, 3, '2022-12-04', '2023-01-04', '', 1, '2022-12-04'),
(8, 8, 8, 7, 1, '2022-09-01', '2023-09-01', '', 1, '2022-09-01'),
(9, 9, 9, 1, 2, '2022-10-11', '2022-11-11', '', 1, '2022-10-11'),
(10, 10, 10, 7, 3, '2022-02-01', '2023-02-01', '', 1, '2022-02-01'),
(11, 11, 11, 5, 1, '2022-11-26', '2023-04-26', '', 1, '2022-11-26'),
(12, 12, 12, 2, 1, '2022-12-07', '2023-03-07', '', 1, '2022-12-07'),
(13, 13, 13, 1, 2, '2022-11-18', '2022-12-18', '', 1, '2022-11-18'),
(14, 14, 14, 2, 3, '2022-08-13', '2022-11-13', '', 1, '2022-08-13'),
(15, 15, 15, 1, 1, '2022-12-10', '2023-01-10', '', 1, '2022-12-10'),
(16, 16, 16, 1, 2, '2022-11-25', '2022-12-25', '', 1, '2022-11-25'),
(17, 17, 17, 3, 3, '2023-11-18', '2024-05-18', '', 1, '2023-11-18'),
(18, 18, 18, 2, 1, '2022-08-18', '2022-11-18', '', 1, '2022-08-18'),
(19, 19, 19, 7, 3, '2022-10-31', '2023-06-30', '', 1, '2022-10-31'),
(20, 20, 20, 2, 1, '2022-10-31', '2023-01-31', '', 1, '2022-10-31'),
(21, 21, 21, 2, 1, '2022-10-24', '2023-01-24', '', 1, '2022-10-24'),
(22, 22, 22, 3, 3, '2022-10-01', '2023-04-01', '', 1, '2022-10-01'),
(23, 23, 23, 7, 3, '2021-12-22', '2022-12-22', '', 1, '2021-12-22'),
(24, 24, 24, 1, 1, '2022-11-21', '2022-12-21', '', 1, '2022-11-21'),
(25, 25, 25, 1, 1, '2022-12-11', '2023-01-11', '', 1, '2022-12-11'),
(26, 26, 26, 1, 1, '2022-11-14', '2022-12-14', '', 1, '2022-11-14'),
(27, 27, 27, 2, 3, '2022-09-11', '2022-12-11', '', 1, '2022-09-11'),
(28, 28, 28, 1, 1, '2022-12-02', '2023-01-02', '', 1, '2022-12-02'),
(29, 29, 29, 2, 2, '2022-09-14', '2022-12-14', '', 1, '2022-09-14'),
(30, 30, 30, 3, 2, '2022-10-01', '2023-04-01', '', 1, '2022-10-01'),
(31, 31, 31, 2, 1, '2022-10-31', '2023-01-31', '', 1, '2022-10-31'),
(32, 32, 32, 7, 3, '2022-03-01', '2023-03-01', '', 1, '2022-03-01'),
(33, 33, 33, 7, 2, '2022-10-30', '2023-02-28', '', 1, '2022-10-30'),
(34, 34, 34, 2, 1, '2022-09-27', '2022-12-27', '', 1, '2022-09-27'),
(35, 35, 35, 1, 2, '2022-10-10', '2022-11-10', '', 1, '2022-10-10'),
(36, 36, 36, 1, 2, '2022-11-30', '2022-12-30', '', 1, '2022-11-30'),
(37, 37, 37, 1, 2, '2022-10-10', '2022-11-10', '', 1, '2022-10-10'),
(38, 38, 38, 1, 1, '2022-12-15', '2023-01-15', '', 1, '2022-12-15'),
(39, 39, 39, 1, 1, '2022-12-08', '2023-01-08', '', 1, '2022-12-08'),
(40, 40, 40, 7, 2, '2022-07-01', '2023-07-01', '', 1, '2022-07-01'),
(41, 41, 41, 2, 1, '2022-11-13', '2023-02-13', '', 1, '2022-11-13'),
(42, 42, 42, 7, 2, '2022-10-01', '2023-10-01', '', 1, '2022-10-01'),
(43, 43, 43, 2, 1, '2022-09-30', '2022-12-30', '', 1, '2022-09-30'),
(44, 44, 44, 1, 2, '2022-12-13', '2023-01-13', '', 1, '2022-12-13'),
(45, 45, 45, 2, 1, '2022-08-22', '2022-11-22', '', 1, '2022-08-22'),
(46, 46, 46, 7, 3, '2022-09-01', '2023-09-01', '', 1, '2022-09-01'),
(47, 47, 47, 2, 2, '2021-09-26', '2021-12-26', '', 1, '2021-09-26'),
(48, 48, 48, 3, 1, '2022-07-13', '2023-01-13', '', 1, '2022-07-13'),
(49, 49, 49, 3, 1, '2022-09-27', '2023-03-27', '', 1, '2022-09-27'),
(50, 50, 50, 1, 2, '2022-12-03', '2023-01-03', '', 1, '2022-12-03'),
(51, 51, 51, 1, 1, '2022-11-18', '2022-12-18', '', 1, '2022-11-18'),
(52, 52, 52, 1, 1, '2022-11-18', '2022-12-18', '', 1, '2022-11-18'),
(53, 53, 53, 2, 2, '2022-11-20', '2023-02-20', '', 1, '2022-11-20'),
(54, 54, 54, 5, 3, '2022-12-01', '2024-06-01', '', 1, '2022-12-01'),
(55, 55, 55, 7, 2, '2022-01-17', '2023-01-17', '', 1, '2022-01-17'),
(56, 56, 56, 2, 1, '2022-10-20', '2023-01-20', '', 1, '2022-10-20'),
(57, 57, 57, 2, 2, '2022-12-01', '2023-03-01', '', 1, '2022-12-01'),
(58, 58, 58, 1, 1, '2022-11-25', '2022-12-25', '', 1, '2022-11-25'),
(59, 59, 59, 2, 2, '2023-02-28', '2023-05-28', '', 1, '2023-02-28'),
(60, 60, 60, 3, 2, '2022-06-17', '2022-12-17', '', 1, '2022-06-17'),
(61, 61, 61, 1, 2, '2022-12-02', '2023-01-02', '', 1, '2022-12-02'),
(62, 62, 62, 1, 2, '2022-11-07', '2022-12-07', '', 1, '2022-11-07'),
(63, 63, 63, 2, 2, '2022-10-10', '2023-01-10', '', 1, '2022-10-10'),
(64, 64, 64, 2, 2, '2022-09-21', '2022-12-21', '', 1, '2022-09-21'),
(65, 65, 65, 7, 2, '2022-10-11', '2023-02-11', '', 1, '2022-10-11'),
(66, 66, 66, 5, 1, '2022-10-10', '2024-04-10', '', 1, '2022-10-10'),
(67, 67, 67, 1, 1, '2022-12-09', '2023-01-09', '', 1, '2022-12-09'),
(68, 68, 68, 7, 2, '2022-12-04', '2023-08-04', '', 1, '2022-12-04'),
(69, 69, 69, 2, 1, '2022-11-09', '2023-02-09', '', 1, '2022-11-09'),
(70, 70, 70, 1, 1, '2022-11-16', '2022-12-16', '', 1, '2022-11-16'),
(71, 71, 71, 1, 2, '2022-11-03', '2022-12-03', '', 1, '2022-11-03'),
(72, 72, 72, 2, 2, '2022-08-18', '2022-11-18', '', 1, '2022-08-18'),
(73, 73, 73, 1, 1, '2022-12-12', '2023-01-12', '', 1, '2022-12-12'),
(74, 74, 74, 2, 2, '2022-11-29', '2023-02-28', '', 1, '2022-11-29'),
(75, 75, 75, 7, 1, '2022-09-12', '2023-09-12', '', 1, '2022-09-12'),
(76, 76, 76, 2, 2, '2022-09-12', '2022-12-12', '', 1, '2022-09-12'),
(77, 77, 77, 2, 2, '2022-09-12', '2022-12-12', '', 1, '2022-09-12'),
(78, 78, 78, 1, 2, '2022-11-15', '2022-12-15', '', 1, '2022-11-15'),
(79, 79, 79, 5, 2, '2022-10-03', '2024-04-03', '', 1, '2022-10-03'),
(80, 80, 80, 2, 2, '2022-09-20', '2022-12-20', '', 1, '2022-09-20'),
(81, 81, 81, 1, 1, '2022-11-07', '2022-12-07', '', 1, '2022-11-07'),
(82, 82, 82, 2, 2, '2022-11-25', '2023-02-25', '', 1, '2022-11-25'),
(83, 83, 83, 5, 2, '2022-09-30', '2024-03-30', '', 1, '2022-09-30'),
(84, 84, 84, 1, 2, '2022-11-07', '2022-12-07', '', 1, '2022-11-07'),
(85, 85, 85, 2, 2, '2022-09-15', '2022-12-15', '', 1, '2022-09-15'),
(86, 86, 86, 2, 2, '2022-11-09', '2023-02-09', '', 1, '2022-11-09'),
(87, 87, 87, 2, 2, '2022-08-19', '2022-11-19', '', 1, '2022-08-19'),
(88, 88, 88, 7, 2, '2022-10-27', '2023-02-27', '', 1, '2022-10-27'),
(89, 89, 89, 1, 1, '2022-12-08', '2023-01-08', '', 1, '2022-12-08'),
(90, 90, 90, 5, 1, '2022-10-09', '2024-04-09', '', 1, '2022-10-09'),
(91, 91, 91, 7, 1, '2022-10-28', '2023-02-28', '', 1, '2022-10-28'),
(92, 92, 92, 2, 1, '2022-09-30', '2022-12-30', '', 1, '2022-09-30'),
(93, 93, 93, 2, 2, '2022-09-30', '2022-12-30', '', 1, '2022-09-30'),
(94, 94, 94, 1, 2, '2022-11-01', '2022-12-01', '', 1, '2022-11-01'),
(95, 95, 95, 2, 2, '2022-10-31', '2023-01-31', '', 1, '2022-10-31'),
(96, 96, 96, 7, 1, '2022-10-18', '2023-02-18', '', 1, '2022-10-18'),
(97, 97, 97, 2, 1, '2022-10-21', '2023-01-21', '', 1, '2022-10-21'),
(98, 98, 98, 2, 2, '2022-09-23', '2022-12-23', '', 1, '2022-09-23'),
(99, 99, 99, 1, 3, '2022-11-28', '2022-12-28', '', 1, '2022-11-28'),
(100, 100, 100, 1, 2, '2022-12-04', '2023-01-04', '', 1, '2022-12-04'),
(101, 101, 101, 1, 2, '2022-12-19', '2023-01-19', '', 1, '2022-12-19'),
(102, 102, 102, 2, 1, '2022-11-28', '2023-02-28', '', 1, '2022-11-28'),
(103, 103, 103, 1, 2, '2022-11-30', '2022-12-30', '', 1, '2022-11-30'),
(104, 104, 104, 1, 2, '2022-10-17', '2022-11-17', '', 1, '2022-10-17'),
(105, 105, 105, 1, 2, '2022-11-11', '2022-12-11', '', 1, '2022-11-11'),
(106, 106, 106, 2, 2, '2022-11-20', '2023-02-20', '', 1, '2022-11-20'),
(107, 107, 107, 1, 1, '2022-10-31', '2022-11-30', '', 1, '2022-10-31'),
(108, 108, 108, 1, 1, '2022-12-02', '2023-01-02', '', 1, '2022-12-02'),
(109, 109, 109, 2, 2, '2022-10-05', '2023-01-05', '', 1, '2022-10-05'),
(110, 110, 110, 1, 1, '2022-11-12', '2022-12-12', '', 1, '2022-11-12'),
(111, 111, 111, 2, 2, '2022-11-30', '2023-02-28', '', 1, '2022-11-30'),
(112, 112, 112, 2, 1, '2022-09-11', '2022-12-11', '', 1, '2022-09-11'),
(113, 113, 113, 2, 2, '2022-09-25', '2022-12-25', '', 1, '2022-09-25'),
(114, 114, 114, 1, 1, '2022-12-19', '2023-01-19', '', 1, '2022-12-19'),
(115, 115, 115, 1, 3, '2022-10-28', '2022-11-28', '', 1, '2022-10-28'),
(116, 116, 116, 2, 1, '2022-10-31', '2023-01-31', '', 1, '2022-10-31'),
(117, 117, 117, 1, 1, '2022-12-03', '2023-01-03', '', 1, '2022-12-03'),
(118, 118, 118, 1, 1, '2022-12-02', '2023-01-02', '', 1, '2022-12-02'),
(119, 119, 119, 1, 1, '2022-12-10', '2023-01-10', '', 1, '2022-12-10'),
(120, 120, 120, 2, 1, '2022-11-10', '2023-02-10', '', 1, '2022-11-10'),
(121, 121, 121, 2, 3, '2022-11-09', '2023-01-09', '', 1, '2022-11-09'),
(122, 122, 122, 2, 2, '2022-10-09', '2023-01-09', '', 1, '2022-10-09'),
(123, 123, 123, 1, 2, '2022-10-12', '2022-11-12', '', 1, '2022-10-12'),
(124, 124, 124, 5, 3, '2022-09-24', '2024-03-24', '', 1, '2022-09-24'),
(125, 125, 125, 7, 2, '2022-10-30', '2023-02-28', '', 1, '2022-10-30'),
(126, 126, 126, 1, 3, '2022-10-19', '2022-11-19', '', 1, '2022-10-19'),
(127, 127, 127, 7, 1, '2022-10-30', '2023-02-28', '', 1, '2022-10-30'),
(128, 128, 128, 2, 1, '2022-11-30', '2023-02-28', '', 1, '2022-11-30'),
(129, 129, 129, 7, 1, '2022-10-29', '2023-02-28', '', 1, '2022-10-29'),
(130, 130, 130, 1, 2, '2022-11-02', '2022-12-02', '', 1, '2022-11-02'),
(131, 131, 131, 1, 2, '2022-11-02', '2022-12-02', '', 1, '2022-11-02'),
(132, 132, 132, 2, 1, '2022-11-01', '2023-02-01', '', 1, '2022-11-01'),
(133, 133, 133, 2, 1, '2022-11-04', '2023-02-04', '', 1, '2022-11-04'),
(134, 134, 134, 1, 1, '2022-11-03', '2022-12-03', '', 1, '2022-11-03'),
(135, 135, 135, 1, 2, '2022-12-08', '2023-01-08', '', 1, '2022-12-08'),
(136, 136, 136, 1, 2, '2022-11-07', '2022-12-07', '', 1, '2022-11-07'),
(137, 137, 137, 1, 1, '2022-12-11', '2023-01-11', '', 1, '2022-12-11'),
(138, 138, 138, 1, 1, '2022-11-09', '2022-12-09', '', 1, '2022-11-09'),
(139, 139, 139, 1, 1, '2022-11-11', '2022-12-11', '', 1, '2022-11-11'),
(140, 140, 140, 2, 2, '2022-11-10', '2023-02-10', '', 1, '2022-11-10'),
(141, 141, 141, 2, 2, '2022-11-06', '2023-02-06', '', 1, '2022-11-06'),
(142, 142, 142, 1, 3, '2022-11-14', '2022-12-14', '', 1, '2022-11-14'),
(143, 143, 143, 3, 2, '2022-11-12', '2023-05-12', '', 1, '2022-11-12'),
(144, 144, 144, 1, 3, '2022-11-14', '2022-12-14', '', 1, '2022-11-14'),
(145, 145, 145, 1, 1, '2022-11-15', '2022-12-15', '', 1, '2022-11-15'),
(146, 146, 146, 1, 1, '2022-12-10', '2023-01-10', '', 1, '2022-12-10'),
(147, 147, 147, 1, 1, '2022-11-17', '2022-12-17', '', 1, '2022-11-17'),
(148, 148, 148, 1, 1, '2022-11-21', '2022-12-21', '', 1, '2022-11-21'),
(149, 149, 149, 1, 2, '2022-11-21', '2022-12-21', '', 1, '2022-11-21'),
(150, 150, 150, 1, 1, '2022-11-21', '2022-12-21', '', 1, '2022-11-21'),
(151, 151, 151, 2, 1, '2022-11-13', '2023-02-13', '', 1, '2022-11-13'),
(152, 152, 152, 2, 1, '2022-11-21', '2023-02-21', '', 1, '2022-11-21'),
(153, 153, 153, 1, 1, '2022-11-23', '2022-12-23', '', 1, '2022-11-23'),
(154, 154, 154, 1, 1, '2022-11-23', '2022-12-23', '', 1, '2022-11-23'),
(155, 155, 155, 1, 1, '2022-11-23', '2022-12-23', '', 1, '2022-11-23'),
(156, 156, 156, 1, 2, '2022-11-21', '2022-12-21', '', 1, '2022-11-21'),
(157, 157, 157, 1, 3, '2022-11-26', '2022-12-26', '', 1, '2022-11-26'),
(158, 158, 158, 2, 3, '2022-11-25', '2023-02-25', '', 1, '2022-11-25'),
(159, 159, 159, 1, 3, '2022-11-26', '2022-12-26', '', 1, '2022-11-26'),
(160, 160, 160, 1, 3, '2022-11-28', '2022-12-28', '', 1, '2022-11-28'),
(161, 161, 161, 1, 1, '2022-11-30', '2022-12-30', '', 1, '2022-11-30'),
(162, 162, 162, 2, 3, '2022-11-14', '2023-02-14', '', 1, '2022-11-14'),
(163, 163, 163, 2, 3, '2022-11-14', '2023-02-14', '', 1, '2022-11-14'),
(164, 164, 164, 1, 2, '2022-11-21', '2022-12-21', '', 1, '2022-11-21'),
(165, 165, 165, 1, 1, '2022-12-02', '2023-01-02', '', 1, '2022-12-02'),
(166, 166, 166, 1, 1, '2022-12-02', '2023-01-02', '', 1, '2022-12-02'),
(167, 167, 167, 1, 1, '2022-12-02', '2023-01-02', '', 1, '2022-12-02'),
(168, 168, 168, 2, 1, '2022-12-08', '2023-03-08', '', 1, '2022-12-08'),
(169, 169, 169, 2, 2, '2022-12-06', '2023-03-06', '', 1, '2022-12-06'),
(170, 170, 170, 1, 1, '2022-12-08', '2023-01-08', '', 1, '2022-12-08'),
(171, 171, 171, 2, 1, '2022-12-06', '2023-03-06', '', 1, '2022-12-06'),
(172, 172, 172, 1, 1, '2022-12-08', '2023-01-08', '', 1, '2022-12-08'),
(173, 173, 173, 1, 1, '2022-12-09', '2023-01-09', '', 1, '2022-12-09'),
(174, 174, 174, 1, 1, '2022-12-08', '2023-01-08', '', 1, '2022-12-08'),
(175, 175, 175, 2, 2, '2022-12-12', '2023-03-12', '', 1, '2022-12-12'),
(176, 176, 176, 1, 1, '2022-12-08', '2023-01-08', '', 1, '2022-12-08'),
(177, 177, 177, 2, 1, '2022-12-06', '2023-03-06', '', 1, '2022-12-06'),
(178, 178, 178, 1, 1, '2022-12-13', '2023-01-13', '', 1, '2022-12-13'),
(179, 179, 179, 1, 1, '2022-12-09', '2023-01-09', '', 1, '2022-12-09'),
(180, 180, 180, 1, 2, '2022-12-09', '2023-01-09', '', 1, '2022-12-09'),
(181, 181, 181, 1, 1, '2022-12-12', '2023-01-12', '', 1, '2022-12-12'),
(182, 182, 182, 1, 1, '2022-12-12', '2023-01-12', '', 1, '2022-12-12'),
(183, 183, 183, 1, 1, '2022-12-12', '2023-01-12', '', 1, '2022-12-12'),
(184, 184, 184, 1, 2, '2022-12-13', '2023-01-13', '', 1, '2022-12-13');

-- --------------------------------------------------------

--
-- Table structure for table `schedules`
--

CREATE TABLE `schedules` (
  `id` int(30) NOT NULL,
  `member_id` int(30) NOT NULL,
  `dow` text NOT NULL,
  `date_from` date NOT NULL,
  `date_to` date NOT NULL,
  `time_from` time NOT NULL,
  `time_to` time NOT NULL
) ENGINE=InnoDB DEFAULT CHARSET=utf8mb4;

-- --------------------------------------------------------

--
-- Table structure for table `service`
--

CREATE TABLE `service` (
  `id` int(50) NOT NULL,
  `select_services` varchar(50) NOT NULL,
  `name` varchar(50) NOT NULL,
  `contact` decimal(10,0) NOT NULL,
  `datetime` datetime NOT NULL,
  `address` varchar(100) NOT NULL
) ENGINE=InnoDB DEFAULT CHARSET=utf8mb4;

--
-- Dumping data for table `service`
--

INSERT INTO `service` (`id`, `select_services`, `name`, `contact`, `datetime`, `address`) VALUES
(3, 'dog walking', 'pruthvik ', '6355039269', '2022-11-10 03:38:00', 'keshod'),
(4, 'House sitting', '', '0', '2022-11-23 11:22:00', 'keshdo'),
(5, 'Drop in in-visits', 'pruth', '1234567890', '2022-11-07 11:22:00', 'krishna');

-- --------------------------------------------------------

--
-- Table structure for table `tb_image`
--

CREATE TABLE `tb_image` (
  `id` int(11) NOT NULL,
  `date` date NOT NULL,
  `image` varchar(255) NOT NULL
) ENGINE=InnoDB DEFAULT CHARSET=utf8mb4;

--
-- Dumping data for table `tb_image`
--

INSERT INTO `tb_image` (`id`, `date`, `image`) VALUES
(1, '2022-11-23', '2022.11.23 - 04.58.14pm.jpeg');

-- --------------------------------------------------------

--
-- Table structure for table `trainers`
--

CREATE TABLE `trainers` (
  `id` int(30) NOT NULL,
  `name` text NOT NULL,
  `contact` varchar(100) NOT NULL,
  `email` varchar(100) NOT NULL,
  `rate` float NOT NULL
) ENGINE=InnoDB DEFAULT CHARSET=utf8mb4;

--
-- Dumping data for table `trainers`
--

INSERT INTO `trainers` (`id`, `name`, `contact`, `email`, `rate`) VALUES
(1, 'John Smith', '+18456-5455-55', 'jsmith@sample.com', 500);

-- --------------------------------------------------------

--
-- Table structure for table `users`
--

CREATE TABLE `users` (
  `id` int(30) NOT NULL,
  `name` text NOT NULL,
  `username` varchar(200) NOT NULL,
  `password` text NOT NULL,
  `type` tinyint(1) NOT NULL DEFAULT 3 COMMENT '1=Admin,2=Staff, 3= subscriber'
) ENGINE=InnoDB DEFAULT CHARSET=utf8mb4;

--
-- Dumping data for table `users`
--

INSERT INTO `users` (`id`, `name`, `username`, `password`, `type`) VALUES
(1, 'Rahul', 'rahul', 'be1e2095d73e71d87395d3bf95d12432', 1);

--
-- Indexes for dumped tables
--

--
-- Indexes for table `batch`
--
ALTER TABLE `batch`
  ADD PRIMARY KEY (`id`);

--
-- Indexes for table `images`
--
ALTER TABLE `images`
  ADD PRIMARY KEY (`id`);

--
-- Indexes for table `members`
--
ALTER TABLE `members`
  ADD PRIMARY KEY (`id`) USING BTREE;

--
-- Indexes for table `packages`
--
ALTER TABLE `packages`
  ADD PRIMARY KEY (`id`);

--
-- Indexes for table `payments`
--
ALTER TABLE `payments`
  ADD PRIMARY KEY (`id`),
  ADD KEY `member_id` (`member_id`);

--
-- Indexes for table `plans`
--
ALTER TABLE `plans`
  ADD PRIMARY KEY (`id`);

--
-- Indexes for table `registration_info`
--
ALTER TABLE `registration_info`
  ADD PRIMARY KEY (`id`);

--
-- Indexes for table `schedules`
--
ALTER TABLE `schedules`
  ADD PRIMARY KEY (`id`);

--
-- Indexes for table `service`
--
ALTER TABLE `service`
  ADD PRIMARY KEY (`id`);

--
-- Indexes for table `tb_image`
--
ALTER TABLE `tb_image`
  ADD PRIMARY KEY (`id`);

--
-- Indexes for table `trainers`
--
ALTER TABLE `trainers`
  ADD PRIMARY KEY (`id`);

--
-- Indexes for table `users`
--
ALTER TABLE `users`
  ADD PRIMARY KEY (`id`);

--
-- AUTO_INCREMENT for dumped tables
--

--
-- AUTO_INCREMENT for table `batch`
--
ALTER TABLE `batch`
  MODIFY `id` int(255) NOT NULL AUTO_INCREMENT, AUTO_INCREMENT=4;

--
-- AUTO_INCREMENT for table `images`
--
ALTER TABLE `images`
  MODIFY `id` int(255) NOT NULL AUTO_INCREMENT, AUTO_INCREMENT=3;

--
-- AUTO_INCREMENT for table `members`
--
ALTER TABLE `members`
  MODIFY `id` int(30) NOT NULL AUTO_INCREMENT, AUTO_INCREMENT=185;

--
-- AUTO_INCREMENT for table `packages`
--
ALTER TABLE `packages`
  MODIFY `id` int(30) NOT NULL AUTO_INCREMENT, AUTO_INCREMENT=4;

--
-- AUTO_INCREMENT for table `payments`
--
ALTER TABLE `payments`
  MODIFY `id` int(30) NOT NULL AUTO_INCREMENT;

--
-- AUTO_INCREMENT for table `plans`
--
ALTER TABLE `plans`
  MODIFY `id` int(30) NOT NULL AUTO_INCREMENT, AUTO_INCREMENT=8;

--
-- AUTO_INCREMENT for table `registration_info`
--
ALTER TABLE `registration_info`
  MODIFY `id` int(30) NOT NULL AUTO_INCREMENT, AUTO_INCREMENT=185;

--
-- AUTO_INCREMENT for table `schedules`
--
ALTER TABLE `schedules`
  MODIFY `id` int(30) NOT NULL AUTO_INCREMENT;

--
-- AUTO_INCREMENT for table `service`
--
ALTER TABLE `service`
  MODIFY `id` int(50) NOT NULL AUTO_INCREMENT, AUTO_INCREMENT=6;

--
-- AUTO_INCREMENT for table `tb_image`
--
ALTER TABLE `tb_image`
  MODIFY `id` int(11) NOT NULL AUTO_INCREMENT, AUTO_INCREMENT=2;

--
-- AUTO_INCREMENT for table `trainers`
--
ALTER TABLE `trainers`
  MODIFY `id` int(30) NOT NULL AUTO_INCREMENT, AUTO_INCREMENT=2;

--
-- AUTO_INCREMENT for table `users`
--
ALTER TABLE `users`
  MODIFY `id` int(30) NOT NULL AUTO_INCREMENT, AUTO_INCREMENT=2;
COMMIT;

/*!40101 SET CHARACTER_SET_CLIENT=@OLD_CHARACTER_SET_CLIENT */;
/*!40101 SET CHARACTER_SET_RESULTS=@OLD_CHARACTER_SET_RESULTS */;
/*!40101 SET COLLATION_CONNECTION=@OLD_COLLATION_CONNECTION */;
